<?xml version="1.0" encoding="UTF-8"?>
<!DOCTYPE LIMES SYSTEM "limes.dtd">
<LIMES>
    <PREFIX>
        <NAMESPACE>http://www.w3.org/1999/02/22-rdf-syntax-ns#</NAMESPACE>
        <LABEL>rdf</LABEL>
    </PREFIX>
    <PREFIX>
        <NAMESPACE>http://www.w3.org/2002/07/owl#</NAMESPACE>
        <LABEL>owl</LABEL>
    </PREFIX>
    <SOURCE>
        <ID>dbpedia</ID>
        <ENDPOINT>C:/Users/Alexander/Desktop/products_source.nt</ENDPOINT>
        <VAR>?x</VAR>
        <PAGESIZE>-1</PAGESIZE>
        <RESTRICTION>?x</RESTRICTION>
        <PROPERTY>rdf:type</PROPERTY>
        <PROPERTY>rdf:weight</PROPERTY>
        <PROPERTY>rdf:color</PROPERTY>
        <PROPERTY>rdf:product_code</PROPERTY>
        <TYPE>NT</TYPE>
    </SOURCE>
    <TARGET>
        <ID>dbpedia</ID>
        <ENDPOINT>C:/Users/Alexander/Desktop/products_target.nt</ENDPOINT>
        <VAR>?y</VAR>
        <PAGESIZE>-1</PAGESIZE>
        <RESTRICTION>?y</RESTRICTION>
        <PROPERTY>rdf:type</PROPERTY>
        <PROPERTY>rdf:brand</PROPERTY>
        <PROPERTY>rdf:weight</PROPERTY>
        <PROPERTY>rdf:color</PROPERTY>
        <PROPERTY>rdf:modelnum</PROPERTY>
        <TYPE>NT</TYPE>
    </TARGET>
    
    <MLALGORITHM>
        <NAME>eagle</NAME>
        <TYPE>supervised batch</TYPE>
        <TRAINING>C:/Users/Alexander/Desktop/alignment.nt</TRAINING>
        <TYPE>NT</TYPE>
        <PARAMETER>
            <NAME>population</NAME>
            <VALUE>100</VALUE>
        </PARAMETER>
    </MLALGORITHM>
    <ACCEPTANCE>
        <THRESHOLD>0.4</THRESHOLD>
        <FILE>acceptance.nt</FILE>
        <RELATION>owl:sameAs</RELATION>
    </ACCEPTANCE>
    <REVIEW>
        <THRESHOLD>0.1</THRESHOLD>
        <FILE>review.nt</FILE>
        <RELATION>owl:sameAs</RELATION>
    </REVIEW>
       <EXECUTION>
          <REWRITER>default</REWRITER>
          <PLANNER>default</PLANNER>
          <ENGINE>default</ENGINE>
         </EXECUTION>
    <OUTPUT>NT</OUTPUT>
</LIMES>